{
  "A1_exotic_hadrons": {
    "molecular_mean_sA": 9.762563902355392,
    "compact_mean_sA": 2.9156009013787587,
    "n_exotics": 8
  },
  "A2_color_confinement": {
    "R2": 0.4965429699921724,
    "vertex_fm": 1.3786859811671777,
    "crossover_fm": 0.7000000000000001,
    "is_bowl": "True"
  },
  "A3_qcd_coupling": {
    "R2": 0.9978517762423998,
    "vertex_logQ": 9.231018912749075,
    "crossover_GeV": 0.533669923120631
  },
  "A4_strong_cp": {
    "R2": 0.3897165988544704,
    "vertex_theta": 1.6890047828573451,
    "is_bowl": "True"
  },
  "A5_emc_effect": {
    "free_sA": 0.29115158493213095,
    "corr_SRC_sA": -0.9839456114116294,
    "pll_R2": 0.9993055746976192,
    "n_nuclei": 9
  },
  "A6_full_ckm": {
    "full_H": 0.5638894417803458,
    "full_sA": 15.477340179750538,
    "diagonal_fraction": 0.9657496944884324,
    "row_entropies": [
      0.18190298051288056,
      0.18920038377039383,
      0.0122498330793658
    ]
  },
  "B1_pmns_comparison": {
    "ckm_H": 0.5638894417803458,
    "pmns_H": 0.9106573264573768,
    "entropy_ratio": 1.614957222079198
  },
  "B2_higgs_branching": {
    "H": 0.5679335867400738,
    "sA": 5.795271075665159
  },
  "B3_dglap_pll": {
    "R2_sA": 0.9795182475009875,
    "R2_H": 0.9731147066036381,
    "vertex_logQ2": -7.122705455530865
  },
  "B4_universe": {
    "present_H": 0.4750172132560568,
    "BBN_H": 0.4284374515652831
  },
  "B5_semf_split": {
    "R2_full": 0.4322102362686948,
    "R2_light": 0.7972106912579984,
    "R2_heavy": 0.933428319638145
  },
  "B6_kappa_scan": {
    "R2": 0.977568919805414,
    "vertex_kappa": 2.8239329727255496,
    "max_alpha": 3.460313021762774e-05
  }
}