{
    "dataset":  "europe_monthly_full_release_long_format",
    "n_base":  2000,
    "base":  {
                 "H":  2.078811368763709,
                 "Aitchison":  0.010070059190382877,
                 "TV":  0.01410799489114881,
                 "AC_lag1":  0.8499728075493557
             },
    "ladder":  [
                   {
                       "level":  "D",
                       "window_days":  1,
                       "n_obs":  2000,
                       "H":  2.078811368763709,
                       "Aitchison":  0.010070059190382877,
                       "TV":  0.01410799489114881,
                       "AC_lag1":  0.8499728075493557,
                       "pct_change_H":  0.0,
                       "H_change_CI_pct":  [
                                               -0.0010838219656219387,
                                               -1.8404444276098897E-05,
                                               0.0009875048448881095
                                           ]
                   },
                   {
                       "level":  "W",
                       "window_days":  7,
                       "n_obs":  286,
                       "H":  2.078985451398514,
                       "Aitchison":  0.007281464596627488,
                       "TV":  0.011950008678419853,
                       "AC_lag1":  0.5044692400624637,
                       "pct_change_H":  0.008374142907860177,
                       "H_change_CI_pct":  [
                                               0.005821195520775866,
                                               0.008214246908696748,
                                               0.010580525909781724
                                           ]
                   },
                   {
                       "level":  "M",
                       "window_days":  30,
                       "n_obs":  67,
                       "H":  2.0792364460727573,
                       "Aitchison":  0.003255662908861812,
                       "TV":  0.008078852809234661,
                       "AC_lag1":  0.08267199823193246,
                       "pct_change_H":  0.020448094302139203,
                       "H_change_CI_pct":  [
                                               0.01634111777963565,
                                               0.020411442823135284,
                                               0.024301624625079947
                                           ]
                   },
                   {
                       "level":  "Q",
                       "window_days":  91,
                       "n_obs":  22,
                       "H":  2.0793659331245333,
                       "Aitchison":  0.001182112612470716,
                       "TV":  0.0048060825375975304,
                       "AC_lag1":  -0.0017843989778106584,
                       "pct_change_H":  0.026676992879554356,
                       "H_change_CI_pct":  [
                                               0.01952719484816869,
                                               0.026850158032325364,
                                               0.033599445340857986
                                           ]
                   },
                   {
                       "level":  "A",
                       "window_days":  365,
                       "n_obs":  6,
                       "H":  2.079421125671086,
                       "Aitchison":  0.00028475833534503264,
                       "TV":  0.002400071640446808,
                       "AC_lag1":  -0.24302516387852702,
                       "pct_change_H":  0.029331997916660815,
                       "H_change_CI_pct":  [
                                               0.01808756303380877,
                                               0.02900990685051645,
                                               0.04179317707589439
                                           ]
                   }
               ],
    "calibration":  {
                        "xstar":  [
                                      0.12456295046143553,
                                      0.12510806576601669,
                                      0.1248570872665757,
                                      0.1250533185725457,
                                      0.12504244920887064,
                                      0.12533333853275128,
                                      0.12484304759745964,
                                      0.12519974259434485
                                  ],
                        "sigma_eps2":  0.010070059190382879,
                        "lambda_max_W":  0.12529891109359345,
                        "H_star":  2.0794399275823543,
                        "C_constant":  0.0003033911762649457,
                        "rho_eff_lag1":  0.8499728075493557
                    },
    "adversarial":  [

                    ]
}
