{
  "title": "Diagnostic Display Map \u2014 Instrument Settings as Physical Measurements",
  "insight": "The transformation parameters needed to reveal the parabola on the ternary simplex (rotation angle, coverage fraction, lift strength, vertex position, opening angle, curvature integral, optimal slice angle) are themselves diagnostic physical quantities. The instrument calibration IS the measurement.",
  "diagnostics": {
    "stellar": {
      "key": "stellar",
      "n_points": 300,
      "rotation_source": "manual_physics",
      "apex_component": "CNO",
      "apex_col_index": 1,
      "rotation_angle_deg": 120,
      "coverage_fraction": 1.639981655686178,
      "x_span": 1.0,
      "y_span": 0.7101328877823472,
      "lift_strength": 0.7101328877823456,
      "max_perpendicular": 0.7101328877823464,
      "base_length": 1.000000000000001,
      "lift_position": 0.5003010186825355,
      "vertex_position_t_star": 0.4983277591973244,
      "vertex_peak_value": 0.8164071982039166,
      "vertex_symmetry": 0.9966555183946488,
      "opening_angle_deg": 70.29825336387427,
      "curvature_signed": -1.678005118998807,
      "curvature_unsigned": 2.8329683844467777,
      "curvature_mean": 9.582425150603813,
      "curvature_max": 164.68709232843565,
      "n_inflections": 2,
      "optimal_slice_angle_deg": 140.0,
      "slice_curvature_score": 0.15341300871169194,
      "ilr_quadratic_coeff": 0.004568399568020335,
      "ilr_linear_coeff": 0.4430302610952151,
      "ilr_F_stat": 0.5182621787718997,
      "ilr_is_parabola": false,
      "arc_length": 1.6751048207681305,
      "arc_to_base_ratio": 1.6751048207681287,
      "entropy_min": -0.0,
      "entropy_max": 0.9359306036701224,
      "entropy_range": 0.9359306036701224,
      "entropy_at_vertex": 0.5961792381043836,
      "system_name": "Stellar Burning"
    },
    "qcd": {
      "key": "qcd",
      "n_points": 300,
      "rotation_source": "auto_detected",
      "apex_component": "Strong (\u03b1s)",
      "apex_col_index": 0,
      "rotation_angle_deg": 0,
      "coverage_fraction": 0.03204282435944437,
      "x_span": 0.06916526278028523,
      "y_span": 0.20060575778070666,
      "lift_strength": 0.0058412266351871795,
      "max_perpendicular": 0.0012394761349595884,
      "base_length": 0.21219449481604816,
      "lift_position": 0.6087682257390769,
      "vertex_position_t_star": 0.0,
      "vertex_peak_value": 0.9131314615020303,
      "vertex_symmetry": 0.0,
      "opening_angle_deg": 90.0,
      "curvature_signed": 6.037732253127302,
      "curvature_unsigned": 12.255355814352974,
      "curvature_mean": 943.60795095329,
      "curvature_max": 209668.94861953764,
      "n_inflections": 6,
      "optimal_slice_angle_deg": 20.0,
      "slice_curvature_score": 0.00591526966649851,
      "ilr_quadratic_coeff": 0.05138790820727775,
      "ilr_linear_coeff": 0.27235193673057856,
      "ilr_F_stat": 3381.3426132974128,
      "ilr_is_parabola": true,
      "arc_length": 0.2091463505878363,
      "arc_to_base_ratio": 0.9856351399179591,
      "entropy_min": 0.3234335180338723,
      "entropy_max": 0.7775879381795784,
      "entropy_range": 0.45415442014570606,
      "entropy_at_vertex": 0.3234335180338723,
      "system_name": "QCD Running"
    },
    "kerr": {
      "key": "kerr",
      "n_points": 300,
      "rotation_source": "manual_physics",
      "apex_component": "E_rot",
      "apex_col_index": 1,
      "rotation_angle_deg": 120,
      "coverage_fraction": 0.07568489465170906,
      "x_span": 0.14052474525295633,
      "y_span": 0.2332153007398891,
      "lift_strength": 0.0035107952110313687,
      "max_perpendicular": 0.0009559204942412233,
      "base_length": 0.27228033444890165,
      "lift_position": 0.31654974420423676,
      "vertex_position_t_star": 1.0,
      "vertex_peak_value": 0.2436696172528593,
      "vertex_symmetry": 0.0,
      "opening_angle_deg": 90.0,
      "curvature_signed": -0.017003435359899587,
      "curvature_unsigned": 0.04401885153518285,
      "curvature_mean": 0.16970703934584022,
      "curvature_max": 0.29511899244668194,
      "n_inflections": 1,
      "optimal_slice_angle_deg": 150.0,
      "slice_curvature_score": 0.005901557173884211,
      "ilr_quadratic_coeff": -0.016338486133692823,
      "ilr_linear_coeff": 1.930749195983993,
      "ilr_F_stat": 193.17971105374477,
      "ilr_is_parabola": true,
      "arc_length": 0.2514926656486114,
      "arc_to_base_ratio": 0.923653432987128,
      "entropy_min": 2.111869659977377e-06,
      "entropy_max": 0.6167571859329575,
      "entropy_range": 0.6167550740632975,
      "entropy_at_vertex": 0.6167571859329575,
      "system_name": "Kerr Black Hole"
    },
    "fusion": {
      "key": "fusion",
      "n_points": 300,
      "rotation_source": "manual_physics",
      "apex_component": "DT",
      "apex_col_index": 0,
      "rotation_angle_deg": 0,
      "coverage_fraction": 0.016113776702298677,
      "x_span": 0.01209456955355731,
      "y_span": 0.5769093275004566,
      "lift_strength": 0.024056713036577484,
      "max_perpendicular": 0.012955506605074527,
      "base_length": 0.5385401815026052,
      "lift_position": 1.0709366638260722,
      "vertex_position_t_star": 0.25418060200668896,
      "vertex_peak_value": 0.9999999343459952,
      "vertex_symmetry": 0.5083612040133779,
      "opening_angle_deg": 17.433754543347654,
      "curvature_signed": 3.450490273083777,
      "curvature_unsigned": 3.4512368577225114,
      "curvature_mean": 5001013.90448408,
      "curvature_max": 556699545.9978118,
      "n_inflections": 1,
      "optimal_slice_angle_deg": 0.0,
      "slice_curvature_score": 0.16071472312194632,
      "ilr_quadratic_coeff": 0.030872161515126263,
      "ilr_linear_coeff": 0.4071242844927484,
      "ilr_F_stat": 104.49877923402882,
      "ilr_is_parabola": true,
      "arc_length": 0.5950972373058577,
      "arc_to_base_ratio": 1.1050191940097212,
      "entropy_min": 3.1462519826064115e-07,
      "entropy_max": 1.0986117055649682,
      "entropy_range": 1.09861139093977,
      "entropy_at_vertex": 5.567930200099419e-07,
      "system_name": "Fusion Reactivities"
    },
    "gw": {
      "key": "gw",
      "n_points": 300,
      "rotation_source": "manual_physics",
      "apex_component": "Merger",
      "apex_col_index": 1,
      "rotation_angle_deg": 120,
      "coverage_fraction": 1.1570148135545075,
      "x_span": 0.9159171071292396,
      "y_span": 0.5469950355189361,
      "lift_strength": 0.5971814863923368,
      "max_perpendicular": 0.5469687400956289,
      "base_length": 0.9159171082143711,
      "lift_position": 0.5898027503291987,
      "vertex_position_t_star": 0.4180602006688963,
      "vertex_peak_value": 0.5922962331757332,
      "vertex_symmetry": 0.8361204013377926,
      "opening_angle_deg": 78.94291800104693,
      "curvature_signed": 0.9987149407350613,
      "curvature_unsigned": 2.8852381045948228,
      "curvature_mean": 2.7182596167392234,
      "curvature_max": 42.48403558180881,
      "n_inflections": 31,
      "optimal_slice_angle_deg": 45.0,
      "slice_curvature_score": 0.2631064398748916,
      "ilr_quadratic_coeff": 1.9157105907167902,
      "ilr_linear_coeff": -4.721280282051531,
      "ilr_F_stat": 190.81422654286834,
      "ilr_is_parabola": true,
      "arc_length": 1.4363611545711445,
      "arc_to_base_ratio": 1.568221776500503,
      "entropy_min": 0.007900354757640969,
      "entropy_max": 1.05502532192811,
      "entropy_range": 1.047124967170469,
      "entropy_at_vertex": 0.7980612968020342,
      "system_name": "GW150914"
    },
    "ns": {
      "key": "ns",
      "n_points": 200,
      "rotation_source": "auto_detected",
      "apex_component": "Neutron",
      "apex_col_index": 0,
      "rotation_angle_deg": 0,
      "coverage_fraction": 0.0,
      "x_span": 0.0,
      "y_span": 0.02974772523818514,
      "lift_strength": 0.0,
      "max_perpendicular": 0.0,
      "base_length": 0.02974772523818614,
      "lift_position": 0.0,