{
  "raw": "data\\ember data\\europe_monthly_full_release_long_format.csv",
  "Ms": [
    1,
    7,
    30,
    91,
    365
  ],
  "B": 2000,
  "1": {
    "bootstrap_percentiles": {
      "2.5": 0.37069737880336406,
      "25": 1.771805877450622,
      "50": 3.051763032483256,
      "75": 4.407167667807409,
      "97.5": 7.355434121633026
    },
    "obs_mean_pct_change": -0.3473344215616852,
    "obs_pct_changes_sample": [
      -3.1789474672523124,
      2.797670615190349,
      -0.44620388298127783,
      -1.7350998512008977,
      0.7665978525445891,
      2.7398732261788568,
      -1.2085083920771775,
      2.116673214215386,
      -0.3185870384064267,
      1.0534783820925289,
      -4.105801993140581,
      2.4996554122689547,
      2.216600141442791,
      -4.72452286591919,
      2.1361335819893132,
      5.4727335346677215,
      -5.582564776426806,
      -1.4610227255796002,
      -0.03314682881472302,
      6.224742691578099,
      -1.0104420806883365,
      1.8294749919629973,
      1.1808930800834605,
      -1.3921615608224813,
      -3.1666925716706644,
      -1.3251174019941885,
      0.6684222599908606,
      -1.9598200244309085,
      0.7887334905016514,
      -1.2850806369386674,
      2.971420772192099,
      -0.3775218902118994,
      -1.4895519617216713,
      1.7875163481880785,
      2.0950363687780666,
      0.2955960210127103,
      -0.5411778618265932,
      -0.9878274723254921,
      0.8898386912449545,
      1.4475160648554597,
      -5.068151101107944,
      -4.44952884455577,
      5.159023556249187,
      1.2568651094244216,
      2.870959732160712,
      -1.7413130698721633,
      4.7837366397380245,
      4.48188763815784,
      -0.04964685146837643,
      -1.6484004064285684,
      -2.1711521837168943,
      0.026849171943718168,
      -1.9880842237858876,
      0.538569578234931,
      2.869597748939837,
      -2.037899652598154,
      3.757508390374228,
      -1.0050917243270596,
      1.6660867763079354,
      3.5033586094248976,
      -0.6119479844138112,
      0.2296496384913393,
      -0.8745972870533932,
      0.5665102707006798,
      -1.1184222052909956,
      0.09984934073898531,
      -0.6251634190056838,
      -0.2237329474679365,
      0.3789037484184762,
      0.9401359008473523,
      0.7297898118240722,
      5.04043873052537,
      -0.10385017362308115,
      0.25437740174967305,
      -0.8364629365809725,
      -0.22521949854480852,
      -0.2895137843880342,
      -0.029141827801202214,
      0.06520054736331891,
      -0.5484916743616489,
      0.14134505358549002,
      0.8903586593831766,
      0.5782933663337989,
      -1.1575268012781188,
      -0.8917100730556947,
      0.8200276427425809,
      -0.7126927545404488,
      0.1707841105608438,
      -0.28120265703996294,
      -0.14821996220384945,
      -0.08862533097165667,
      -0.3466176560717997,
      0.541505819432098,
      0.45030097994463764,
      0.935678890071567,
      -0.06922009986977884,
      -0.5392811331169625,
      0.7482227275509846,
      -1.3402184977382567,
      0.08221888213709092,
      -0.18654038664035932,
      0.1702285678082104,
      -0.14773270352158963,
      -0.3486274858402203,
      0.18902322942281857,
      0.5399995022391535,
      0.4421983841371099,
      -0.18168673735905053,
      -0.6692968050205694,
      0.3218594762385882,
      -0.5227068729434867,
      -0.02288775274607885,
      -0.1555017022125213,
      0.1986175414309291,
      -0.2847155765541759,
      -0.11998865756967649,
      -0.08769567069026735,
      0.9392541170014673,
      0.29962158303300374,
      0.11570553580434222,
      -0.6029076208547524,
      -0.021936650597505075,
      -1.3211620610962727,
      0.04017922447328587,
      0.1495844597340911,
      0.5645730834567219,
      -0.31983398192627105,
      0.03482278026904756,
      0.5457155450629406,
      -0.025175215378704176,
      0.6843067483855206,
      0.568352394177649,
      -0.8114518444606007,
      0.3150240393961475,
      -0.7686928451663558,
      -0.6442042971398115,
      0.5223604664408277,
      0.16427454813013434,
      -0.21722664264071642,
      -0.4195244568809514,
      0.5602101450767933,
      0.33890277979638384,
      0.6968072208630165,
      -0.18349613229580253,
      -0.8438858617483237,
      0.11031980754977432,
      -0.5427813234578384,
      -0.1332785473393496,
      -0.04728206585374592,
      0.09971026125184312,
      -0.4632922094929486,
      -0.1327034108088165,
      0.16109956952403337,
      0.47552306446522824,
      0.6275424726414536,
      0.19860907807210565,
      -0.5517330789677906,
      0.16169636731771336,
      -0.9604712033721089,
      -0.8456632369184058,
      0.7756596044693886,
      0.42694560227589146,
      0.05294570112661059,
      -0.20984876424347843,
      0.1702833730428581,
      0.28982349069757674,
      0.34453427709724727,
      0.5827561941728713,
      -1.0312669164703216,
      -0.18684031477098767,
      -1.597131246744412,
      0.014984912053125384,
      0.604750271008187,
      1.1548493061255527,
      -0.08867937705663428,
      -0.3782327534611909,
      0.23036096571593262,
      0.8425527863993527,
      0.3202152254507924,
      0.4572520660083496,
      -0.5756609547233682,
      -0.7022470964343246,
      -2.1883906029985276,
      -1.5197930112924605,
      0.09275471705537734,
      1.722903094644678,
      -0.8099627183748279,
      0.1108095324316255,
      2.010408183888517,
      0.8152637311830045,
      0.6152184885132461,
      -77.17718019356943,
      -8.86333505795812
    ]
  },
  "7": {
    "bootstrap_percentiles": {
      "2.5": -0.27755812370015837,
      "25": 0.21251068869029177,
      "50": 0.4103462218695487,
      "75": 0.6238488894131715,
      "97.5": 1.1391782758258264
    },
    "obs_mean_pct_change": 0.5788753246077644,
    "obs_pct_changes_sample": [
      2.231592534914849,
      -0.06796698729874895,
      2.446674816754927,
      -3.261606442908221,
      2.7455617312491634,
      0.7042991300449174,
      4.499099854314891,
      3.870339121607001,
      0.9167821301674745,
      4.761640526324873,
      0.35335651367600407,
      -0.7726418338647938,
      0.082410626439633,
      -0.02513219850666934,
      -0.05254875924076727,
      -0.5785681027644601,
      -0.020314012028466326,
      0.06750429081332625,
      -0.004637711779225672,
      0.10485936909487135,
      -0.9028720691005075,
      0.4210413815218277,
      -0.3512373371165302,
      -0.3790554679747662,
      0.9127216170007173,
      -2.6505442815394478
    ]
  },
  "30": {
    "bootstrap_percentiles": {
      "2.5": -2.8055956631115153,
      "25": -0.14430070103582915,
      "50": 0.36575810090601923,
      "75": 0.9265712403142349,
      "97.5": 3.6817577444109006
    },
    "obs_mean_pct_change": 3.0771853124811432,
    "obs_pct_changes_sample": [
      3.8615831113369956,
      11.7887074051891,
      0.7682192602467264,
      -0.49183109624052285,
      -0.5407521181265834
    ]
  },
  "91": {
    "bootstrap_percentiles": {
      "2.5": -7.270001390502361,
      "25": -7.270001390502361,
      "50": 0.0,
      "75": 0.0,
      "97.5": 7.83996710828997
    },
    "obs_mean_pct_change": 7.83996710828997,
    "obs_pct_changes_sample": [
      7.83996710828997
    ]
  },
  "365": {
    "error": "not enough values to unpack (expected 2, got 0)"
  }
}