{
  "_meta": {
    "type": "EXP-03-REVISED-FULL-VERIFY",
    "experiment_id": "EXP-03",
    "version": "2.0",
    "created": "2026-04-18T13:20:30.177677",
    "author": "Peter Higgins / Claude",
    "fixed_point": "v3.2",
    "data_source": "AME2020 Atomic Mass Evaluation (3,554 nuclides)",
    "title": "The Uranium Test \u2014 Full PLL-EITT Verification"
  },
  "part_a_decay_chains": {
    "description": "2-simplex (Z/A, N/A) decay chains \u2014 true parametric walks",
    "chains": {
      "U-238": {
        "N": 15,
        "D": 2,
        "closure": true,
        "clr_zero_sum": true,
        "H_bar": 0.6687426090582769,
        "sigma2_A_mean": 0.050042657321747945,
        "sigma2_A_range": [
          0.041100488473291334,
          0.05666367843546623
        ],
        "eitt": [
          {
            "M": 2,
            "n_blocks": 7,
            "delta_geom": -0.00024385364690926448,
            "relative_geom": 0.00036464499735205914,
            "delta_arith": -0.00024339218226454573,
            "relative_arith": 0.00036395494913549854,
            "pass": true
          },
          {
            "M": 3,
            "n_blocks": 5,
            "delta_geom": 5.3508744769503735e-06,
            "relative_geom": 8.001396059517538e-06,
            "delta_arith": 5.930964292577556e-06,
            "relative_arith": 8.868829669653528e-06,
            "pass": true
          },
          {
            "M": 4,
            "n_blocks": 3,
            "delta_geom": -0.000822112069998715,
            "relative_geom": 0.0012293400463242695,
            "delta_arith": -0.0008205183285270312,
            "relative_arith": 0.0012269568551680665,
            "pass": true
          },
          {
            "M": 5,
            "n_blocks": 3,
            "delta_geom": 1.455081101886524e-05,
            "relative_geom": 2.1758462556103142e-05,
            "delta_arith": 1.6091009993557392e-05,
            "relative_arith": 2.4061589280540605e-05,
            "pass": true
          }
        ],
        "max_relative": 0.0012293400463242695,
        "eitt_verdict": "PASS",
        "pll": {
          "a": -0.02163773840720937,
          "b": 0.012443547285910773,
          "c": 0.05129105527175771,
          "R2": 0.6176257098284146,
          "shape": "\u2229 (hill)",
          "t_vertex": 0.2875426962774624,
          "discriminator": -0.04327547681441874
        },
        "noise_squeeze": [
          {
            "order": 2,
            "residual_var": 7.059381916093898e-06,
            "squeeze_pct": 0.0,
            "autocorr_lag1": 0.4595139791363752
          },
          {
            "order": 3,
            "residual_var": 5.177607065817981e-06,
            "squeeze_pct": 26.656368399418472,
            "autocorr_lag1": 0.1900051770286575
          },
          {
            "order": 4,
            "residual_var": 3.6479768970547154e-06,
            "squeeze_pct": 48.324415077499914,
            "autocorr_lag1": -0.06314625576797013
          },
          {
            "order": 5,
            "residual_var": 2.282262309466906e-06,
            "squeeze_pct": 67.67050803323403,
            "autocorr_lag1": -0.04113804291657946
          }
        ],
        "final_squeeze_pct": 67.67050803323403,
        "dadc": {
          "proton_CS": 1.0,
          "neutron_CS": 0.9999999999999998,
          "contam_entropy": 1.0
        }
      },
      "Th-232": {
        "N": 11,
        "D": 2,
        "closure": true,
        "clr_zero_sum": true,
        "H_bar": 0.6690425472378964,
        "sigma2_A_mean": 0.0494072148242049,
        "sigma2_A_range": [
          0.04435519579039657,
          0.053894924435497156
        ],
        "eitt": [
          {
            "M": 2,
            "n_blocks": 5,
            "delta_geom": -0.00015250632539853815,
            "relative_geom": 0.0002279471253781269,
            "delta_arith": -0.00015213565836769138,
            "relative_arith": 0.00022739309928161475,
            "pass": true
          },
          {
            "M": 3,
            "n_blocks": 3,
            "delta_geom": -0.00043630693495622097,
            "relative_geom": 0.0006521363054674011,
            "delta_arith": -0.0004357732492288324,
            "relative_arith": 0.000651338619685545,
            "pass": true
          },
          {
            "M": 4,
            "n_blocks": 2,
            "delta_geom": -0.0005332720918346245,
            "relative_geom": 0.0007970675318575892,
            "delta_arith": -0.0005321738247975327,
            "relative_arith": 0.0007954259814933769,
            "pass": true
          },
          {
            "M": 5,
            "n_blocks": 2,
            "delta_geom": -0.00014037424067026016,
            "relative_geom": 0.000209813622840262,
            "delta_arith": -0.00013868350518941863,
            "relative_arith": 0.00020728652574035164,
            "pass": true
          }
        ],
        "max_relative": 0.0007970675318575892,
        "eitt_verdict": "PASS",
        "pll": {
          "a": -0.0025491702333881494,
          "b": -0.002632644366397834,
          "c": 0.05161574658908967,
          "R2": 0.34997612845588333,
          "shape": "\u2229 (hill)",
          "t_vertex": -0.5163728047496337,
          "discriminator": -0.005098340466776299
        },
        "noise_squeeze": [
          {
            "order": 2,
            "residual_var": 5.081317130168994e-06,
            "squeeze_pct": 0.0,
            "autocorr_lag1": 0.345841575537342
          },
          {
            "order": 3,
            "residual_var": 3.6344536084269287e-06,
            "squeeze_pct": 28.474182671097047,
            "autocorr_lag1": -0.0747043829715243
          },
          {
            "order": 4,
            "residual_var": 3.631610202974359e-06,
            "squeeze_pct": 28.530140710710196,
            "autocorr_lag1": -0.07707988191578706
          },
          {
            "order": 5,
            "residual_var": 3.097403818470186e-07,
            "squeeze_pct": 93.90432885977505,
            "autocorr_lag1": -0.3565912871584203
          }
        ],
        "final_squeeze_pct": 93.90432885977505,
        "dadc": {
          "proton_CS": 1.0000000000000002,
          "neutron_CS": 0.9999999999999998,
          "contam_entropy": 1.0
        }
      },
      "U-235": {
        "N": 12,
        "D": 2,
        "closure": true,
        "clr_zero_sum": true,
        "H_bar": 0.6694891786653238,
        "sigma2_A_mean": 0.048468482891188415,
        "sigma2_A_range": [
          0.04435519579039657,
          0.053087662873066516
        ],
        "eitt": [
          {
            "M": 2,
            "n_blocks": 6,
            "delta_geom": 4.540790439766518e-06,
            "relative_geom": 6.782470254140507e-06,
            "delta_arith": 5.025793413993007e-06,
            "relative_arith": 7.506907615762062e-06,
            "pass": true
          },
          {
            "M": 3,
            "n_blocks": 4,
            "delta_geom": 6.207007603786785e-06,
            "relative_geom": 9.271259045830903e-06,
            "delta_arith": 6.858840249202025e-06,
            "relative_arith": 1.024488590372085e-05,
            "pass": true
          },
          {
            "M": 4,
            "n_blocks": 3,
            "delta_geom": 1.2314284017489463e-05,
            "relative_geom": 1.839355199443089e-05,
            "delta_arith": 1.3610330163560391e-05,
            "relative_arith": 2.0329425175614627e-05,
            "pass": true
          },
          {
            "M": 5,
            "n_blocks": 2,
            "delta_geom": -0.00029889605259836305,
            "relative_geom": 0.0004464538966772166,
            "delta_arith": -0.0002979564641717447,
            "relative_arith": 0.0004450504558800233,
            "pass": true
          }
        ],
        "max_relative": 0.0004464538966772166,
        "eitt_verdict": "PASS",
        "pll": {
          "a": -0.008944707179948384,